3.807000000000000028e+01,-1.951999999999999957e+01,0.000000000000000000e+00
3.052799999900162220e+01,-1.009500000043772161e+01,-2.077185307047329843e+00
1.154299999773502350e+01,-1.702599999681115150e+01,-2.740185306698549539e+00
-4.220000023196917027e-01,-1.260099999792873859e+01,2.007000000332482159e+00
-9.562000002712011337e+00,3.049000002501998097e+00,2.094000000332016498e+00
-1.469300000369548798e+01,1.714000000292435288e+01,6.630000003642636530e-01
-6.999000004027038813e+00,2.024100000318139791e+01,6.280000003607710823e-01
6.514999995473772287e+00,3.193000000342726707e+01,7.500000003929016001e-01
1.040399999544024467e+01,3.530800000391900539e+01,-1.921853067906340584e-01
2.221499999240040779e+01,2.385800000466406345e+01,7.150000004039611667e-01
3.225699998810887337e+01,2.083099999930709600e+01,-1.051853067474439740e-01
5.031699998490512371e+01,2.070799999544396996e+01,5.200000043441832531e-02
5.602599997818470001e+01,2.110899999365210533e+01,1.431000000418862328e+00
