38.07,-19.52,0.0
38.07,-19.52,0.0
38.07,-19.52,0.0
38.07,-19.52,0.0
38.07,-19.52,0.0
38.07,-19.52,0.105
38.07,-19.52,0.297
38.07,-19.52,0.489
38.07,-19.52,0.55235
38.07,-19.52,0.70935
38.07,-19.52,0.83135
38.092,-19.4855,1.08043
38.1294,-19.3675,1.39443
38.1373,-19.2456,1.58712
38.1363,-19.0836,1.66345
38.1205,-18.961,1.71645
38.0947,-18.8112,1.7707
38.07,-18.6913,1.78285
38.0344,-18.5327,1.78285
37.9995,-18.3853,1.77172
37.9779,-18.2693,1.75554
37.9529,-18.1269,1.73754
37.9382,-17.9909,1.69692
37.9197,-17.8424,1.67672
37.9113,-17.7128,1.64999
37.9013,-17.5716,1.63199
37.9004,-17.4468,1.60678
37.8996,-17.3514,1.55478
37.9018,-17.1946,1.57133
37.9017,-17.0885,1.55813
37.9028,-16.9479,1.57613
37.9025,-16.8289,1.57327
37.902,-16.7111,1.58209
37.9031,-16.5472,1.56509
37.9016,-16.4016,1.5794
37.9014,-16.259,1.54981
37.9029,-16.1335,1.54981
37.9036,-15.9549,1.57913
37.904,-15.8277,1.56268
37.9062,-15.7021,1.56268
37.9086,-15.5381,1.56838
37.91,-15.4129,1.57267
37.9116,-15.2246,1.57276
37.9126,-15.0981,1.57276
37.9141,-14.9496,1.57323
37.9149,-14.8442,1.57323
37.9158,-14.6925,1.57505
37.9159,-14.576,1.572
37.9167,-14.5395,1.56891
37.9187,-14.3989,1.55091
37.9258,-14.2546,1.51626
37.9315,-14.1546,1.53426
37.9412,-13.9899,1.52271
37.9474,-13.8178,1.53762
37.9501,-13.7196,1.55611
37.9534,-13.5749,1.55611
37.9586,-13.4512,1.52525
37.9629,-13.3509,1.52525
37.9702,-13.2212,1.49595
37.9875,-13.0291,1.4964
37.9962,-12.8919,1.53568
37.9962,-12.7313,1.60568
37.9894,-12.6342,1.62636
37.9799,-12.5125,1.63976
37.9686,-12.3907,1.67476
37.9526,-12.2783,1.70548
37.9157,-12.0401,1.71282
37.8976,-11.9364,1.70483
37.8802,-11.8132,1.70483
37.8524,-11.6551,1.72809
37.8242,-11.5314,1.75697
37.8011,-11.4322,1.80897
37.7583,-11.2841,1.91537
37.7136,-11.1916,1.95726
37.658,-11.0795,2.0372
37.5794,-10.9374,2.0902
37.4765,-10.7637,2.11973
37.4206,-10.6831,2.13357
37.3548,-10.5814,2.16857
37.2781,-10.4668,2.17823
37.2131,-10.3705,2.18947
37.1171,-10.2417,2.22447
37.0359,-10.1427,2.24151
36.9504,-10.0419,2.26033
36.8712,-9.94792,2.29533
36.7671,-9.84988,2.32375
36.66,-9.74976,2.34869
36.5735,-9.66163,2.36569
36.4631,-9.56362,2.37688
36.3712,-9.48259,2.41659
36.2984,-9.42958,2.46726
36.1509,-9.31962,2.50226
36.0389,-9.25016,2.56599
35.9998,-9.23181,2.54757
35.8629,-9.14529,2.58257
35.7415,-9.07802,2.65775
35.6297,-9.02455,2.69592
35.5001,-8.9687,2.78292
35.3665,-8.92379,2.81609
35.216,-8.88119,2.85351
35.0995,-8.85225,2.90551
34.9808,-8.82763,2.95418
34.8349,-8.80469,2.96807
34.7199,-8.78237,2.95107
34.5831,-8.76032,2.98209
34.4829,-8.74453,3.02001
34.3014,-8.73051,3.10801
34.1612,-8.7227,3.10327
33.9949,-8.72395,3.11582
33.8886,-8.73449,-3.09676
33.7004,-8.74231,-3.09676
33.6179,-8.72746,3.11698
33.4312,-8.73097,3.11868
33.3257,-8.73007,3.11868
33.1035,-8.72994,3.13721
32.8758,-8.73415,-3.14037
32.6812,-8.74153,3.08362
32.5496,-8.73712,-3.12957
32.4864,-8.73967,-3.03983
32.295,-8.76118,-2.92584
32.1585,-8.80165,-2.80384
31.9919,-8.87782,-2.72139
31.9589,-8.92194,-2.6873
31.7991,-9.03958,-2.64166
31.791,-9.04543,-2.18766
31.7728,-9.06628,-2.11219
31.7113,-9.13684,-2.44419
30.8701,-9.2655,3.03425
29.4792,-9.16977,-3.06805
29.3278,-9.15982,-3.11083
29.2888,-9.11458,3.09618
29.1194,-9.10778,3.09618
28.9859,-9.10254,3.11005
28.8592,-9.12121,3.10523
28.7416,-9.11231,3.01823
28.638,-9.09885,3.04208
28.5159,-9.08696,3.05908
28.3025,-9.07908,3.05668
28.1757,-9.07395,3.06393
28.0398,-9.06589,3.06703
27.9147,-9.06001,3.08403
27.7853,-9.0588,3.07881
27.6794,-9.05581,3.11882
27.5321,-9.05091,3.10082
27.4047,-9.04836,3.10874
27.3095,-9.04482,3.10117
27.1201,-9.03901,3.07986
26.9719,-9.03315,3.07986
26.8443,-9.02823,3.07573
26.7388,-9.02269,3.05773
26.5944,-9.01336,3.08313
26.4591,-9.01286,3.07141
26.3124,-9.01159,3.07046
26.1643,-9.00434,3.07046
26.0285,-9.00532,3.07342
25.8403,-9.00209,3.07161
25.7124,-8.99565,3.07161
25.4767,-8.98682,3.07172
25.3244,-8.98049,3.07165
25.1974,-8.97443,3.07165
25.072,-8.96913,3.07086
24.9775,-8.96484,3.06612
24.8506,-8.95808,3.06612
24.7596,-8.95471,3.06437
24.6445,-8.94963,3.06065
24.5176,-8.94218,3.06065
24.4384,-8.9395,3.06033
24.2739,-8.93007,3.05998
24.1682,-8.92378,3.05998
24.0127,-8.91459,3.0585
23.8741,-8.90014,3.05728
23.7472,-8.89226,3.05728
23.5023,-8.87127,3.05913
23.3767,-8.86533,3.05485
23.271,-8.8585,3.05485
23.131,-8.84922,3.05333
22.8879,-8.83198,3.05256
22.7642,-8.82341,3.05749
22.6423,-8.81226,3.00549
22.4605,-8.788,3.0255
22.2739,-8.7687,3.03411
22.1716,-8.75869,3.05211
22.0105,-8.74816,3.06693
21.8285,-8.73598,3.08211
21.6969,-8.72701,3.07625
21.5702,-8.71709,3.07625
21.3841,-8.70151,3.08264
21.2141,-8.68866,3.08805
21.0661,-8.67884,3.08805
20.8935,-8.66848,3.09126
20.8027,-8.66248,3.09427
20.6354,-8.65308,3.09427
20.4918,-8.64566,3.07031
20.3682,-8.63739,3.07167
20.0823,-8.61748,3.06637
19.8181,-8.59754,3.06642
19.6912,-8.58866,3.06642
19.5085,-8.5749,3.0636
19.3833,-8.56554,3.06141
19.2593,-8.55722,3.06141
19.1051,-8.54607,3.0761
18.9863,-8.53597,3.07291
18.8592,-8.52655,3.07291
18.6848,-8.51407,3.0989
18.5844,-8.50715,3.08856
18.4061,-8.49209,3.00056
18.257,-8.47563,3.03224
18.1131,-8.46131,3.03561
17.9905,-8.44822,3.03561
17.8407,-8.43226,3.05089
17.7073,-8.42287,3.07056
17.5806,-8.41223,3.07056
17.4272,-8.39967,3.09494
17.2907,-8.3902,3.09
17.1421,-8.37998,3.09
16.9928,-8.37042,3.09446
16.8165,-8.36165,3.09791
16.6939,-8.35523,3.09791
16.5262,-8.34441,3.0741
16.3764,-8.3314,3.05857
16.3479,-8.32748,3.06633
16.2001,-8.31445,3.06633
16.1457,-8.30966,3.07112
16.1117,-8.30331,3.08648
15.9424,-8.29209,3.08648
15.8403,-8.28566,3.08902
15.6034,-8.27482,3.09296
15.4537,-8.26508,3.09296
15.2623,-8.2513,3.08698
15.1328,-8.2436,3.09921
15.0047,-8.23586,3.09921
14.914,-8.23115,3.10262
14.8075,-8.22709,3.1043
14.7017,-8.22366,3.10827
14.5516,-8.21681,3.10827
14.4441,-8.21274,3.1307
14.3411,-8.20957,3.1307
14.2015,-8.20632,3.14019
14.0675,-8.20592,3.13072
13.9444,-8.20531,-3.12975
13.8174,-8.20714,-3.12975
13.7111,-8.20728,-3.12745
13.5849,-8.20774,-3.12462
13.4579,-8.21023,-3.10762
13.3137,-8.20816,-3.11569
13.1172,-8.2057,3.13064
12.9901,-8.20464,3.13064
12.8253,-8.20753,-3.10065
12.7223,-8.20595,-3.11576
12.5532,-8.20802,-3.13276
12.4099,-8.2101,-3.12171
12.2337,-8.20612,-3.11381
12.1263,-8.20797,-3.11381
11.9571,-8.20618,-3.12818
11.8395,-8.20467,-3.13253
11.7353,-8.2049,-3.13253
11.5753,-8.20453,-3.13263
11.5011,-8.20357,-3.12828
11.3718,-8.20563,-3.12828
11.3156,-8.2052,-3.12648
11.2516,-8.20612,-3.12648
11.1058,-8.20986,-3.12807
11.0038,-8.2092,-3.12687
10.9255,-8.21267,-3.12837
10.7757,-8.21573,-3.12837
10.6058,-8.21822,-3.07684
10.3293,-8.22506,-3.07335
10.2251,-8.23346,-3.07335
10.0865,-8.23611,-3.09976
10.0881,-8.24325,-3.11171
9.96596,-8.2466,-3.12971
9.88321,-8.25041,-3.11254
9.81882,-8.25203,-3.12954
9.60685,-8.25141,3.10604
9.45708,-8.24716,3.10604
9.01853,-8.24272,3.09775
8.91221,-8.23768,3.09775
8.68137,-8.23727,3.10933
8.614,-8.23741,3.114
8.46757,-8.23304,3.11099
8.33973,-8.22902,3.11099
8.22806,-8.2278,3.11077
8.13926,-8.22231,3.11029
8.0119,-8.21733,3.11029
7.92077,-8.21401,3.11863
7.70561,-8.21162,-3.14059
7.55667,-8.21076,-3.14059
7.51789,-8.21464,-3.11268
7.42579,-8.21477,-3.11598
7.25398,-8.21764,-3.11598
7.0797,-8.21829,-3.09601
6.88273,-8.22342,-3.10436
6.68319,-8.23292,-3.10439
6.51441,-8.24487,-3.05239
6.43419,-8.25642,-3.06192
6.52729,-8.25918,-3.05834
6.36563,-8.26957,-3.07534
6.30911,-8.27829,-3.08609
6.17535,-8.2853,-3.08597
6.05279,-8.29061,-3.10297
5.95908,-8.28594,-3.12907
5.87858,-8.28495,3.13712
5.75616,-8.26869,3.04776
5.64374,-8.25048,2.96102
5.45313,-8.21292,2.88577
5.31658,-8.17191,2.81677
5.18391,-8.12329,2.7433
5.06023,-8.05828,2.67771
4.95414,-8.00197,2.62571
4.82816,-7.90625,2.56942
4.78341,-7.85899,2.54078
4.70053,-7.80105,2.52378
4.64517,-7.75172,2.43591
4.64427,-7.75128,2.33191
4.58191,-7.67228,2.19191
4.51557,-7.56783,2.09051
4.44975,-7.42895,1.97794
4.39778,-7.29369,1.88913
4.35752,-7.15806,1.83713
4.31601,-6.99996,1.79642
4.28997,-6.88297,1.77942
4.26809,-6.75085,1.77102
4.2438,-6.63021,1.75223
4.20701,-6.41308,1.70695
4.19138,-6.29259,1.68895
4.18906,-6.20472,1.67697
4.18098,-6.1252,1.65997
4.17227,-5.95971,1.61936
4.17853,-5.87675,1.60583
4.1859,-5.80383,1.55162
4.19063,-5.65474,1.55162
4.19965,-5.51619,1.54191
4.20878,-5.38537,1.53218
4.21591,-5.234,1.53218
4.22113,-5.08169,1.54702
4.22675,-4.93915,1.54103
4.23158,-4.81161,1.54103
4.23694,-4.65556,1.53906
4.24032,-4.52412,1.54087
4.24532,-4.37556,1.54087
4.24804,-4.24061,1.53782
4.25186,-4.0767,1.54131
4.25633,-3.9268,1.54131
4.25971,-3.82676,1.52214
4.26709,-3.6759,1.5229
4.27543,-3.51119,1.5409
4.28468,-3.34248,1.5369
4.29,-3.20691,1.53929
4.29415,-3.07895,1.53929
4.29823,-2.9213,1.54419
4.3018,-2.78637,1.54686
4.30657,-2.61462,1.54686
4.311,-2.46123,1.54602
4.3161,-2.32331,1.5391
4.32154,-2.19946,1.5391
4.32346,-2.08236,1.55906
4.33044,-1.77511,1.55921
4.33247,-1.66197,1.54121
4.337,-1.49844,1.54523
4.33995,-1.39825,1.56323
4.34297,-1.22149,1.56461
4.3448,-1.07085,1.56818
4.34255,-0.928789,1.57405
4.34185,-0.779415,1.57405
4.33892,-0.64373,1.5771
4.33445,-0.5026,1.58026
4.33371,-0.373776,1.58026
4.33141,-0.279746,1.58096
4.32843,-0.174724,1.57843
4.32738,-0.0253141,1.57843
4.32661,0.105817,1.58017
4.32554,0.242751,1.57639
4.3249,0.370657,1.57639
4.32425,0.487967,1.56724
4.32603,0.661627,1.55808
4.32815,0.788171,1.55808
4.33543,0.958824,1.54565
4.33943,1.07883,1.54406
4.34409,1.22768,1.54406
4.35237,1.51376,1.54639
4.35959,1.70549,1.54099
4.36121,1.79518,1.55491
4.36111,1.95855,1.57291
4.3589,2.09947,1.58299
4.35404,2.20685,1.6383
4.33777,2.36802,1.6733
4.31984,2.50106,1.69254
4.3005,2.62199,1.70732
4.28216,2.74384,1.72432
4.27095,2.90678,1.71056
4.24958,3.03219,1.72696
4.22182,3.20114,1.72696
4.20005,3.33373,1.70954
4.18755,3.41791,1.69799
4.18038,3.50128,1.66548
4.16636,3.66376,1.64848
4.17237,3.6637,1.62565
4.16791,3.76547,1.60865
4.16696,3.95263,1.57917
4.17001,4.04839,1.56764
4.16888,4.15636,1.55717
4.17233,4.29808,1.54017
4.1832,4.41298,1.52594
4.19122,4.54332,1.51662
4.20195,4.72658,1.53362
4.20581,4.83085,1.56119
4.20626,5.03714,1.55985
4.20871,5.18472,1.57685
4.21688,5.29064,1.54395
4.22012,5.35363,1.54107
4.22486,5.481,1.54107
4.2298,5.6001,1.53774
4.23308,5.69141,1.53948
4.23793,5.86218,1.53948
4.23912,5.94881,1.53591
4.24277,6.06452,1.5348
4.25184,6.34996,1.53599
4.2577,6.49876,1.53599
4.26167,6.62896,1.53778
4.26554,6.73533,1.53778
4.266,6.80948,1.53248
4.26944,6.91186,1.52712
4.27463,7.049,1.54488
4.27908,7.19923,1.54488
4.28048,7.34269,1.54874
4.28114,7.45173,1.55327
4.28385,7.60111,1.55327
4.28588,7.75594,1.55644
4.28877,7.84179,1.55635
4.29189,8.01353,1.55635
4.29348,8.08182,1.55362
4.29658,8.23265,1.55417
4.29963,8.38291,1.55417
4.30321,8.57735,1.55494
4.30435,8.69807,1.5566
4.30609,8.84659,1.5746
4.30929,8.9927,1.5627
4.31361,9.15986,1.5542
4.31575,9.28778,1.5542
4.31955,9.50563,1.5513
4.32278,9.72419,1.54827
4.32616,9.85297,1.56627
4.33163,10.0024,1.54734
4.33304,10.0875,1.53419
4.33951,10.2663,1.55219
4.34214,10.3817,1.54766
4.34377,10.4879,1.56488
4.34278,10.6367,1.58288
4.34074,10.7411,1.57784
4.33885,10.8903,1.57995
4.33708,11.0607,1.57995
4.33457,11.2276,1.5818
4.3315,11.3733,1.58634
4.32612,11.4398,1.59067
4.32317,11.5672,1.59067
4.31877,11.6951,1.59019
4.31651,11.7794,1.59019
4.31392,11.8659,1.58562
4.31315,12.0399,1.58222
4.31168,12.3056,1.583
4.3093,12.4541,1.583
4.30394,12.5517,1.5939
4.2984,12.7053,1.60073
4.2923,12.8968,1.60073
4.28845,13.0344,1.6025
4.28791,13.193,1.59092
4.28444,13.3195,1.59092
4.28845,13.4571,1.57079
4.28896,13.5294,1.56722
4.28832,13.6981,1.56722
4.28922,13.7185,1.56363
4.28856,13.6881,1.56187
4.2899,13.8797,1.56187
4.29032,13.8962,1.55821
4.29119,14.0039,1.56055
4.29175,14.1598,1.56339
4.29186,14.2901,1.56428
4.29228,14.4175,1.56428
4.29162,14.5126,1.56506
4.29189,14.6342,1.56506
4.29369,14.7572,1.54355
4.29542,14.9147,1.56699
4.29616,15.0393,1.56699
4.29721,15.2209,1.56726
4.29889,15.4212,1.58385
4.29736,15.5274,1.58385
4.29625,15.7606,1.57643
4.29351,15.9051,1.58387
4.28777,16.045,1.58768
4.28281,16.218,1.58768
4.27619,16.3608,1.58858
4.27722,16.4884,1.58334
4.27627,16.6182,1.58334
4.27642,16.7543,1.58284
4.27568,16.8624,1.58284
4.27555,17.0615,1.57678
4.27357,17.1673,1.57693
4.27274,17.3647,1.5793
4.27128,17.4712,1.5793
4.27017,17.698,1.57701
4.26903,17.8262,1.57843
4.26853,17.9357,1.58006
4.26765,18.0849,1.58006
4.26747,18.1899,1.54795
4.27307,18.3231,1.55307
4.27739,18.4932,1.53607
4.28198,18.6432,1.5492
4.2863,18.7676,1.55173
4.28831,18.895,1.55173
4.29181,19.046,1.55039
4.29449,19.1763,1.54636
4.29702,19.324,1.54636
4.30186,19.4905,1.54309
4.30612,19.6663,1.54452
4.30847,19.7742,1.54555
4.30811,19.9582,1.56255
4.30918,20.078,1.56894
4.30922,20.1637,1.56375
4.30824,20.3129,1.56375
4.3077,20.356,1.56497
4.30597,20.4935,1.58092
4.3029,20.621,1.58092
4.29815,20.8028,1.58349
4.2953,20.9282,1.57346
4.29256,21.0788,1.57346
4.29289,21.2268,1.58177
4.29368,21.3437,1.5668
4.29487,21.4734,1.5668
4.2969,21.6277,1.56661
4.29593,21.7763,1.56116
4.29565,21.9061,1.57816
4.29693,22.0812,1.56945
4.29464,22.2452,1.59182
4.29273,22.3309,1.59182
4.29124,22.469,1.54462
4.29709,22.551,1.52618
4.30055,22.5817,1.53157
4.30552,22.7315,1.53157
4.3098,22.8783,1.52852
4.318,23.02,1.50905
4.32706,23.1423,1.49205
4.3417,23.3128,1.45538
4.35508,23.3977,1.43085
4.37711,23.5581,1.44785
4.39221,23.7346,1.51618
4.39312,23.8864,1.60172
4.38876,24.0415,1.61925
4.37444,24.223,1.65325
4.36582,24.3714,1.67099
4.35082,24.4842,1.69793
4.33143,24.6298,1.71493
4.31466,24.7544,1.71082
4.30441,24.8999,1.68599
4.28916,25.0388,1.66899
4.28328,25.1657,1.65329
4.27745,25.293,1.64699
4.26901,25.414,1.62999
4.26613,25.5567,1.60797
4.26164,25.6762,1.60716
4.25239,25.8412,1.60641
4.24744,25.9699,1.60641
4.24116,26.1029,1.61165
4.23637,26.2094,1.61165
4.23104,26.3631,1.59571
4.2276,26.4918,1.54912
4.22915,26.6202,1.54912
4.23052,26.7843,1.55901
4.23126,26.8862,1.55565
4.23169,27.016,1.55565
4.23417,27.1748,1.5548
4.24049,27.2736,1.53709
4.24619,27.389,1.52221
4.2507,27.5112,1.52221
4.25824,27.649,1.52632
4.26187,27.7702,1.5358
4.26727,27.9312,1.5358
4.26909,28.0418,1.52974
4.27702,28.1406,1.4742
4.29351,28.2616,1.4042
4.32282,28.408,1.33805
4.35699,28.5002,1.25021
4.40095,28.6144,1.16321
4.46056,28.7321,1.06606
4.52821,28.8296,0.997282
4.61941,28.9613,0.910282
4.70825,29.0756,0.859812
4.769,29.0963,0.781905
4.90276,29.2254,0.763905
4.97217,29.2764,0.751217
5.0581,29.3583,0.700365
5.17324,29.4436,0.577365
5.26864,29.496,0.496225
5.3733,29.54,0.410545
5.52446,29.6012,0.358545
5.63389,29.6426,0.356108
5.77872,29.6893,0.366779
5.87619,29.731,0.436779
5.99555,29.7882,0.500218
6.08184,29.8414,0.588218
6.25342,29.9464,0.661884
6.38186,30.0533,0.705596
6.46054,30.1359,0.800395
6.54094,30.2254,0.870395
6.60945,30.3607,1.02726
6.64863,30.473,1.05838
6.7274,30.6166,1.09338
6.78418,30.7379,1.0979
6.82858,30.8281,1.10054
6.90604,30.9769,1.10054
6.98592,31.1044,1.05764
7.06447,31.2375,1.01495
7.12683,31.3407,1.03295
7.20526,31.4508,0.902228
7.27301,31.5316,0.803273
7.33236,31.5861,0.664274
7.3965,31.6285,0.541274
7.46316,31.6596,0.448031
7.52459,31.6857,0.413031
7.59521,31.7123,0.325031
7.61628,31.7201,0.325031
7.61465,31.7163,0.744031
7.63123,31.7309,0.653803
7.69504,31.7682,0.408803
7.73317,31.781,0.234803
7.75466,31.7528,-0.0096221
7.75466,31.7528,-0.0096221
7.75466,31.7528,-0.0096221
7.75466,31.7528,-0.0096221
7.75466,31.7528,-0.0096221
7.75466,31.7528,-0.0096221
7.75466,31.7528,-0.0096221
7.75466,31.7528,-0.0096221
7.75466,31.7528,-0.0096221
7.75466,31.7528,-0.0096221
7.75466,31.7528,-0.0096221
7.75466,31.7528,-0.0096221
7.75466,31.7528,-0.0096221
7.75466,31.7528,-0.0096221
7.75466,31.7528,-0.0096221
7.75466,31.7528,-0.0096221
7.75466,31.7528,-0.0096221
7.75466,31.7528,-0.0096221
7.75466,31.7528,-0.0096221
7.75466,31.7528,-0.0096221
7.75466,31.7528,-0.0096221
7.75466,31.7528,-0.0096221
7.75466,31.7528,-0.0096221
7.75466,31.7528,-0.0096221
7.75466,31.7528,-0.0096221
7.75466,31.7528,-0.0096221
7.75466,31.7528,-0.0096221
7.75466,31.7528,-0.0096221
7.75466,31.7528,-0.0096221
7.75466,31.7528,-0.0096221
7.75466,31.7528,-0.0096221
7.75466,31.7528,-0.0096221
7.75466,31.7528,-0.0096221
7.75466,31.7528,-0.0096221
7.75466,31.7528,-0.0096221
7.75466,31.7528,-0.0096221
7.75466,31.7528,-0.0096221
7.75466,31.7528,-0.0096221
7.75466,31.7528,-0.0096221
7.75466,31.7528,-0.0096221
7.75466,31.7528,-0.0096221
7.75466,31.7528,-0.0096221
7.75466,31.7528,-0.0096221
7.75466,31.7528,-0.0096221
7.75466,31.7528,-0.0096221
7.75466,31.7528,-0.0096221
7.75466,31.7528,-0.0096221
7.75466,31.7528,-0.0096221
7.75466,31.7528,-0.0096221
7.75466,31.7528,0.00837791
7.75466,31.7528,0.00837791
7.75466,31.7528,0.00837791
7.75466,31.7528,0.00837791
7.75466,31.7528,0.00837791
7.75466,31.7528,0.00837791
7.75466,31.7528,0.00837791
7.75466,31.7528,0.00837791
7.75466,31.7528,0.00837791
7.75466,31.7528,0.00837791
7.75466,31.7528,0.00837791
7.75466,31.7528,0.00837791
7.75466,31.7528,-0.0096221
7.75466,31.7528,-0.131622
7.75542,31.7522,-0.218622
7.84646,31.7217,-0.410622
7.94798,31.629,-0.723532
8.05655,31.5683,-0.822922
8.15948,31.4175,-1.10292
8.21312,31.206,-1.23676
8.25105,31.0228,-1.26302
8.28175,30.9248,-1.28002
8.34056,30.7124,-1.26556
8.37282,30.5571,-1.26456
8.41261,30.4433,-1.19456
8.46746,30.3025,-1.08512
8.52739,30.1939,-1.00228
8.59592,30.1083,-0.928741
8.68368,29.9959,-0.858741
8.75838,29.9161,-0.771719
8.83802,29.8461,-0.684719
8.953,29.7589,-0.632081
9.03515,29.7019,-0.596896
9.17138,29.623,-0.576946
9.28671,29.5642,-0.54269
9.41151,29.5059,-0.507589
9.53533,29.439,-0.489589
9.65419,29.3933,-0.454142
9.80542,29.3394,-0.349846
9.92201,29.2996,-0.296846
10.0439,29.2745,-0.230011
10.1632,29.2493,-0.18162
10.3031,29.229,-0.11162
10.4551,29.2264,-0.00699004
10.6189,29.229,0.0148196
10.6891,29.2298,0.0148196
10.8792,29.2224,0.00315671
11.0484,29.226,0.0171009
11.1746,29.2288,0.0171009
11.3384,29.2316,0.0304239
11.4707,29.2386,0.0314223
11.6371,29.2452,0.0494223
11.7691,29.2616,0.0819299
11.8874,29.2908,0.110846
12.0458,29.3089,0.144846
12.1868,29.3418,0.148646
12.3288,29.3611,0.16509
12.4468,29.3801,0.18309
12.6049,29.4114,0.200872
12.7184,29.4396,0.208668
12.8538,29.4709,0.225668
13.0133,29.5153,0.237098
13.1094,29.5463,0.240174
13.271,29.589,0.240174
13.3778,29.6206,0.237315
13.5143,29.6491,0.216736
13.6499,29.6792,0.199736
13.8317,29.7088,0.151976
14.0102,29.734,0.12265
14.1289,29.7479,0.10565
14.2694,29.7559,0.0689038
14.4344,29.7633,0.049732
14.6128,29.7692,0.00832938
14.7602,29.7708,0.00832938
14.8804,29.7647,0.00460214
14.9905,29.7639,-0.00522667
15.1144,29.7643,0.0127733
15.3171,29.7618,-0.0026876
15.4966,29.7601,0.0032528
15.663,29.7596,0.0032528
15.7938,29.7603,0.000216959
15.9415,29.759,0.000894298
16.067,29.7588,0.000894298
16.2281,29.7566,-0.000451775
16.384,29.7557,0.00433417
16.5077,29.7587,0.0223342
16.65,29.7578,0.0120037
16.6969,29.7582,0.0134141
16.7913,29.7602,0.0134141
16.8672,29.7619,0.00859269
17.0563,29.7601,-0.00535316
17.1803,29.759,-0.00535316
17.3046,29.7564,-0.0528453
17.4955,29.7471,-0.0613907
17.6179,29.7403,-0.0443907
17.8084,29.7306,-0.0400092
17.9902,29.7269,-0.0278782
18.0926,29.7253,-0.0278782
18.4492,29.7262,0.00748877
18.6387,29.7282,0.0207344
18.7623,29.7314,0.0418093
18.93,29.738,0.0418093
19.0674,29.7459,0.05034
19.223,29.7504,0.0393734
19.3634,29.7543,0.0213734
19.4949,29.7539,0.00407257
19.6456,29.7527,0.000100578
19.7677,29.7541,0.000100578
19.8812,29.7524,0.00976135
20.0413,29.7531,0.0192774
20.1881,29.7568,0.0192774
20.3347,29.7614,0.0238561
20.452,29.7619,0.0187409
20.5963,29.7624,0.00174092
20.7695,29.7603,0.00474764
20.8809,29.7575,0.00199475
21.0644,29.7569,0.0171393
21.1858,29.759,0.0171393
21.3392,29.7613,0.0135054
21.4397,29.7617,0.0144456
21.5825,29.7628,0.0144456
21.7141,29.7627,0.0137124
21.812,29.7614,-0.0024298
21.9601,29.7595,-0.0024298
22.03,29.7597,0.0154398
22.1222,29.7592,0.00308143
22.2465,29.7584,0.00308143
22.9731,29.7534,0.0107918
23.0461,29.7543,0.0107918
23.2937,29.7533,0.01866
23.3713,29.7526,0.00282175
23.5386,29.752,0.00282175
23.7039,29.7477,-0.000159923
23.7817,29.7439,-0.016564
23.9073,29.7421,-0.016564
23.9393,29.7434,0.00464518
23.9526,29.7471,0.010946
23.9777,29.7513,0.0179996
24.1245,29.7547,0.0179996
24.1777,29.7637,0.0558802
24.2739,29.7668,0.046523
24.4219,29.7734,0.063523
24.5308,29.7639,0.0162046
24.7211,29.7575,0.00830085
24.8211,29.7574,-0.00969916
25.0494,29.747,-0.0137853
25.2191,29.7435,-0.00851668
25.3793,29.7448,0.00948332
25.7512,29.7413,0.0104649
25.8695,29.741,0.0104649
26.0616,29.7407,0.00271399
26.1788,29.7406,-0.0120328
26.3237,29.7373,-0.0120328
26.4753,29.7364,-0.00965316
26.6309,29.7319,-0.0107742
26.7723,29.7282,-0.0156552
26.9194,29.7238,-0.0156552
27.0607,29.7173,-0.0193775
27.1622,29.715,-0.0193775
27.3368,29.7122,-0.00374328
27.4508,29.7114,0.0133183
27.6102,29.7126,0.0303183
27.738,29.7177,0.0435213
27.8635,29.7247,0.0510009
28.0236,29.7351,0.0511078
28.1422,29.7418,0.0511078
28.3114,29.7469,0.0189512
28.4148,29.7486,0.0189512
28.5638,29.7468,-0.00504491
28.7079,29.745,0.00561311
28.8846,29.7467,0.020666
29.0304,29.7492,0.020666
29.1488,29.753,0.0277259
29.2619,29.7559,0.0277259
29.4206,29.7581,0.0106913
29.6044,29.7575,-0.00812424
29.7072,29.756,-0.00812424
29.8698,29.7531,-0.00779489
30.0368,29.7518,0.00817119
30.1388,29.7523,0.00817119
30.3314,29.7534,0.0184138
30.4689,29.7549,0.0269438
30.5948,29.7577,0.0269438
30.7469,29.7612,0.0241844
30.8691,29.7633,0.0227262
31.0256,29.7642,0.00961737
31.1721,29.7631,-0.00738265
31.3249,29.7616,0.0142832
31.414,29.7632,0.0142832
31.5444,29.7626,0.0198767
31.6678,29.7644,0.015255
31.7951,29.7671,0.015255
31.9396,29.7696,0.0202001
32.0836,29.7715,0.0195769
32.206,29.7725,0.00157688
32.3296,29.7676,-0.0203794
32.4457,29.7624,-0.00610377
32.4942,29.7607,0.00825201
32.6611,29.7621,0.00825201
32.7082,29.7658,0.0378347
32.7414,29.7673,0.0227604
32.8792,29.7721,0.0227604
32.897,29.7693,0.00340379
33.0072,29.769,0.00901548
33.1515,29.7697,0.00901548
33.4319,29.7746,0.0312422
33.671,29.7792,0.0281514
33.7848,29.7836,0.0451515
33.9888,29.7853,0.0158253
34.092,29.7859,0.0158253
34.2533,29.7858,0.00725513
34.3792,29.7868,-0.011864
34.5065,29.7846,-0.011864
34.5746,29.7777,-0.0143448
34.5922,29.7701,-0.00465872
34.5698,29.7673,0.0051176
34.7177,29.7671,0.0051176
34.7538,29.7634,-0.0187349
34.7992,29.7607,-0.0180184
34.9387,29.7563,-0.0350183
35.0247,29.7514,-0.0594455
34.9035,29.7467,-0.0911315
35.0565,29.7304,-0.126131
35.1329,29.7189,-0.126047
35.2216,29.7078,-0.125797
35.3916,29.6874,-0.143797
35.4708,29.6746,-0.138569
35.5983,29.6601,-0.119222
35.7393,29.6452,-0.102222
35.8944,29.6349,-0.092653
36.2369,29.6092,-0.0690703
36.3821,29.5985,-0.0690703
36.4858,29.5873,-0.0560066
36.6002,29.5767,-0.0646931
36.7262,29.5688,-0.0646931
36.8853,29.5577,-0.0639601
36.9647,29.5535,-0.0619056
37.1068,29.5464,-0.0635713
37.2461,29.538,-0.0465713
37.3963,29.5286,-0.0301926
37.5172,29.5257,-0.0121926
37.6547,29.5233,-0.009934
37.8097,29.5215,-0.0114039
37.9362,29.5208,-0.0114039
37.985,29.5214,-0.00734808
37.985,29.5214,0.0106519
37.985,29.5214,0.0106519
37.985,29.5214,0.0106519
37.985,29.5214,0.0106519
37.985,29.5214,0.0106519
37.985,29.5214,0.0106519
37.985,29.5214,0.0106519
37.985,29.5214,0.0106519
37.985,29.5214,0.0106519
37.985,29.5214,-0.00734808
37.985,29.5214,-0.00734808
37.985,29.5214,-0.00734808
37.985,29.5214,-0.00734808
37.985,29.5214,-0.00734808
37.985,29.5214,-0.00734808
37.985,29.5214,-0.00734808
37.985,29.5214,-0.00734808
37.985,29.5214,-0.00734808
37.985,29.5214,-0.00734808
37.985,29.5214,-0.00734808
37.985,29.5214,-0.00734808
37.985,29.5214,-0.00734808
37.985,29.5214,-0.00734808
37.985,29.5214,-0.00734808
37.985,29.5214,-0.00734808
37.985,29.5214,-0.00734808
37.985,29.5214,-0.00734808
37.985,29.5214,-0.00734808
37.985,29.5214,-0.00734808
37.985,29.5214,-0.00734808
37.985,29.5214,-0.00734808
37.985,29.5214,-0.00734808
37.985,29.5214,-0.00734808
37.985,29.5214,-0.00734808
37.985,29.5214,-0.00734808
37.985,29.5214,-0.00734808
37.985,29.5214,-0.00734808
37.985,29.5214,-0.00734808
37.985,29.5214,-0.00734808
37.985,29.5214,-0.00734808
37.985,29.5214,-0.00734808
37.985,29.5214,-0.00734808
37.985,29.5214,-0.00734808
37.985,29.5214,-0.00734808
37.985,29.5214,-0.00734808
37.985,29.5214,-0.00734808
37.985,29.5214,-0.00734808
37.985,29.5214,-0.00734808
37.985,29.5214,-0.00734808
37.985,29.5214,-0.00734808
37.985,29.5214,-0.00734808
37.985,29.5214,-0.00734808
37.985,29.5214,-0.00734808
37.985,29.5214,-0.00734808
37.985,29.5214,-0.00734808
37.985,29.5214,-0.00734808
37.985,29.5214,-0.00734808
37.985,29.5214,-0.00734808
37.985,29.5214,-0.00734808
37.985,29.5214,-0.00734808
37.985,29.5214,-0.00734808
37.985,29.5214,-0.00734808
37.985,29.5214,-0.00734808
37.985,29.5214,-0.00734808
37.985,29.5214,-0.00734808
37.985,29.5214,-0.00734808
37.985,29.5214,-0.00734808
37.985,29.5214,-0.00734808
37.985,29.5214,-0.00734808
37.985,29.5214,-0.00734808
37.985,29.5214,-0.00734808
37.985,29.5214,-0.00734808
37.985,29.5214,-0.00734808
37.985,29.5214,-0.00734808
37.985,29.5214,-0.00734808
37.985,29.5214,-0.00734808
37.985,29.5214,-0.00734808
37.985,29.5214,-0.00734808
37.985,29.5214,-0.00734808
37.985,29.5214,-0.00734808
37.985,29.5214,-0.00734808
37.985,29.5214,-0.00734808
37.985,29.5214,-0.00734808
37.985,29.5214,-0.164348
37.985,29.5214,-0.356348
37.985,29.5214,-0.530348
37.9658,29.5238,-0.616
37.9658,29.5238,-0.791185
37.9936,29.492,-0.913185
38.0107,29.3864,-1.10878
38.061,29.2534,-1.30078
38.0414,29.0923,-1.39251
38.0421,28.9356,-1.47455
38.0468,28.7963,-1.59655
38.0276,28.6443,-1.69644
37.9948,28.4902,-1.84414
37.9598,28.3741,-1.87914
37.9029,28.2327,-1.89002
37.8479,28.0508,-1.86974
37.8141,27.933,-1.81674
37.7817,27.7879,-1.71343
37.7675,27.625,-1.62549
37.7714,27.4981,-1.57873
37.7737,27.3581,-1.54373
37.7769,27.2498,-1.52364
37.7888,27.0954,-1.49461
37.802,26.928,-1.49461
37.814,26.8069,-1.48278
37.8246,26.6877,-1.49978
37.8346,26.5447,-1.50873
37.8405,26.4123,-1.535
37.8458,26.2639,-1.535
37.8512,26.0662,-1.55571
37.8589,25.9128,-1.54739
37.8619,25.8149,-1.55461
37.8684,25.6241,-1.55461
37.8699,25.4924,-1.55935
37.8726,25.3635,-1.54372
37.877,25.2518,-1.52672
37.8826,25.1437,-1.53907
37.8853,25.0044,-1.55607
37.8873,24.8702,-1.5673
37.8873,24.7063,-1.57253
37.8873,24.5528,-1.5811
37.8855,24.4128,-1.5811
37.8854,24.282,-1.56197
37.887,24.1809,-1.56197
37.8904,24.014,-1.54589
37.8919,23.862,-1.55542
37.8924,23.7227,-1.57242
37.8924,23.6026,-1.58229
37.8915,23.4391,-1.58374
37.8914,23.3097,-1.53074
37.8953,23.1748,-1.54044
37.8991,23.0178,-1.55785
37.9007,22.8983,-1.55785
37.9032,22.777,-1.56178
37.9027,22.678,-1.57978
37.8973,22.5095,-1.59256
37.8937,22.3619,-1.59586
37.8932,22.2406,-1.58112
37.8943,22.0737,-1.56412
37.8948,21.9256,-1.56846
37.8948,21.7986,-1.58084
37.8936,21.6798,-1.58084
37.8933,21.568,-1.59475
37.891,21.5095,-1.58246
37.8893,21.3695,-1.56546
37.8933,21.3669,-1.51481
37.8987,21.248,-1.53281
37.9072,21.1048,-1.54243
37.9073,21.0251,-1.56213
37.9059,20.8667,-1.59713
37.9023,20.6397,-1.59514
37.8999,20.5054,-1.59265
37.8975,20.3647,-1.57565
37.8964,20.2512,-1.56356
37.8991,20.0805,-1.56076
37.9008,19.98,-1.56076
37.8988,19.7822,-1.5775
37.8964,19.6656,-1.58407
37.8948,19.5873,-1.58744
37.8942,19.4253,-1.57044
37.8959,19.3963,-1.54089
37.9017,19.2765,-1.52389
37.9045,19.2518,-1.5421
37.9087,19.192,-1.53645
37.9122,19.0723,-1.55445
37.9139,18.9135,-1.58076
37.9119,18.8138,-1.59776
37.907,18.6659,-1.59338
37.9027,18.4335,-1.58726
37.9009,18.2577,-1.59499
37.8993,18.1162,-1.57699
37.8997,17.897,-1.57237
37.9027,17.6627,-1.55932
37.9061,17.504,-1.55932
37.9057,17.3297,-1.59295
37.9056,17.2032,-1.57969
37.9069,17.0566,-1.56269
37.9065,16.9134,-1.56887
37.9065,16.8135,-1.58587
37.9066,16.6613,-1.57761
37.9059,16.5419,-1.58339
37.9043,16.4202,-1.58339
37.904,16.2306,-1.56697
37.9045,16.1118,-1.57008
37.9052,15.947,-1.56674
37.9074,15.8018,-1.56674
37.9081,15.664,-1.57336
37.9087,15.5666,-1.57621
37.9083,15.3987,-1.57621
37.9074,15.2678,-1.5644
37.9087,15.1438,-1.5644
37.9103,15.0136,-1.56337
37.9108,14.924,-1.57514
37.9094,14.7994,-1.59214
37.9113,14.7587,-1.56822
37.912,14.5087,-1.5636
37.9127,14.2003,-1.57023
37.913,14.0522,-1.57023
37.9138,13.8594,-1.56695
37.9133,13.7503,-1.58599
37.9132,13.6015,-1.58599
37.9132,13.5746,-1.44166
37.9151,13.5828,-1.0573
37.9265,13.5663,-1.0223
37.955,13.5052,-1.2493
37.9831,13.2987,-1.48191
37.9846,13.1646,-1.60391
37.9707,13.0367,-1.68395
37.968,13.0071,-1.40495
37.9764,13.0038,-1.04915
37.9764,13.0038,-0.69996
37.9821,13.0391,-0.118223
37.9825,13.0625,0.30183
38.0324,13.0038,0.75998
38.0453,13.0236,1.16072
38.0698,13.1041,1.37072
38.0689,13.3559,1.59086
38.0452,13.4866,1.63195
38.039,13.5866,1.64995
38.013,13.7829,1.66446
37.9978,13.9302,1.66337
37.9873,14.0262,1.68103
37.986,14.0314,2.13503
37.9756,14.0461,2.18803
37.9602,14.0462,2.5591
37.9443,14.0551,3.00393
37.9406,14.0516,-2.88209
37.9303,14.0482,-2.36737
37.9152,14.0275,-2.08837
37.88,13.9097,-1.77114
37.868,13.8083,-1.73311
37.8507,13.667,-1.66311
37.8463,13.553,-1.62777
37.8393,13.4086,-1.59427
37.8368,13.2671,-1.57727
37.8375,13.1117,-1.5674
37.8411,13.0186,-1.55307
37.846,12.8773,-1.51807
37.8548,12.7685,-1.53294
37.8656,12.7377,-1.52847
37.8741,12.5898,-1.53302
37.8769,12.4485,-1.56802
37.8785,12.2655,-1.55914
37.8771,12.1492,-1.57123
37.8776,12.0271,-1.57123
37.8792,11.8629,-1.55738
37.8838,11.7275,-1.56037
37.8875,11.5794,-1.56037
37.8898,11.4765,-1.57226
37.8931,11.3616,-1.55758
37.8999,11.2262,-1.52258
37.9076,11.0271,-1.51333
37.923,10.8607,-1.49324
37.934,10.7397,-1.47624
37.9443,10.6983,-1.45772
37.9561,10.6259,-1.46226
37.967,10.5042,-1.51426
37.9693,10.352,-1.60703
37.963,10.2159,-1.64104
37.9478,10.0506,-1.67604
37.93,9.87037,-1.6456
37.9203,9.76109,-1.65937
37.907,9.57461,-1.64473
37.8978,9.45141,-1.62773
37.8934,9.30501,-1.60425
37.8914,9.21245,-1.55225
37.8963,9.04367,-1.54285
37.9016,8.95132,-1.53462
37.9075,8.78742,-1.55262
37.9118,8.65702,-1.5632
37.9107,8.49731,-1.59107
37.9066,8.37527,-1.59888
37.9027,8.22953,-1.59888
37.8985,8.08235,-1.60635
37.8969,7.97681,-1.58935
37.8945,7.80195,-1.60035
37.896,7.39453,-1.56141
37.9003,7.25837,-1.54794
37.903,7.10955,-1.5528
37.9067,6.99761,-1.5348
37.9063,6.93231,-1.6398
37.894,6.82993,-1.73059
37.8634,6.68494,-1.85068
37.8224,6.55071,-1.88568
37.7979,6.48056,-1.76812
37.7981,6.50514,-1.43228
37.7981,6.50514,-0.909095
37.7994,6.50423,-0.367376
37.7998,6.51153,-0.0799573
37.805,6.52326,0.297279
37.8718,6.59703,0.711713
37.8962,6.62108,1.02571
37.9249,6.70471,1.29659
37.9535,6.84199,1.40159
37.9617,7.00942,1.52156
37.9604,7.11294,1.51288
37.9636,7.27736,1.63488
37.9449,7.38012,1.78222
37.9401,7.40057,2.04422
37.9329,7.36054,2.50997
37.9308,7.36487,2.81875
37.9178,7.37333,-2.9609
37.863,7.35217,-2.5949
37.734,7.24113,-2.01498
37.6723,7.10873,-1.75993
37.652,6.98002,-1.63582
37.6497,6.86523,-1.58189
37.6548,6.7251,-1.52889
37.6645,6.57587,-1.49513
37.6757,6.45639,-1.47813
37.6998,6.2773,-1.44804
37.7108,6.1704,-1.43222
37.7271,6.05137,-1.41422
37.7482,5.89164,-1.41535
37.7726,5.74331,-1.4321
37.7923,5.62973,-1.43833
37.807,5.4895,-1.45633
37.8192,5.33526,-1.48108
37.8278,5.24064,-1.4809
37.8375,5.13101,-1.49658
37.8509,4.97903,-1.50571
37.8579,4.85913,-1.52271
37.8628,4.72481,-1.55603
37.867,4.58226,-1.55556
37.872,4.44218,-1.53756
37.877,4.33561,-1.54609
37.8826,4.14498,-1.54182
37.8868,4.01891,-1.54182
37.892,3.83812,-1.54037
37.8973,3.70474,-1.55283
37.9006,3.59962,-1.55283
37.9031,3.50381,-1.56527
37.9044,3.47543,-1.56998
37.907,3.39642,-1.55198
37.9101,3.25422,-1.55127
37.9107,3.07664,-1.56323
37.9124,2.89642,-1.58123
37.9154,2.70948,-1.58638
37.9126,2.55983,-1.58498
37.9123,2.43949,-1.56798
37.9126,2.29945,-1.57756
37.9141,2.15781,-1.56909
37.915,2.03067,-1.56909
37.9164,1.87014,-1.56802
37.918,1.66802,-1.56448
37.9198,1.50936,-1.57208
37.9209,1.39999,-1.57648
37.922,1.25977,-1.57648
37.925,1.06277,-1.54954
37.9305,0.917873,-1.53236
37.9367,0.792137,-1.50835
37.9415,0.707725,-1.48919
37.9483,0.589037,-1.49029
37.9576,0.429294,-1.50829
37.9585,0.319815,-1.53362
37.96,0.199721,-1.58662
37.9546,0.0694746,-1.61732
37.9455,-0.0193358,-1.63307
37.9351,-0.164215,-1.65007
37.9265,-0.309016,-1.61676
37.9222,-0.42662,-1.60494
37.9188,-0.547169,-1.60494
37.9152,-0.729028,-1.58324
37.9171,-0.894192,-1.53219
37.9238,-1.01401,-1.53219
37.9273,-1.15744,-1.57765
37.9255,-1.35852,-1.60652
37.9188,-1.50205,-1.62452
37.9094,-1.6283,-1.63104
37.9021,-1.72668,-1.63081
37.8957,-1.88676,-1.61281
37.8921,-2.00846,-1.58618
37.8928,-2.09981,-1.59154
37.8909,-2.24686,-1.59154
37.8898,-2.4046,-1.58591
37.8928,-2.54879,-1.57495
37.8976,-2.65528,-1.57544
37.8974,-2.79829,-1.59344
37.8988,-2.87012,-1.5659
37.9019,-3.01208,-1.5839
37.9015,-3.11814,-1.58199
37.8976,-3.19971,-1.5944
37.8948,-3.34685,-1.5944
37.8909,-3.3575,-1.59772
37.8885,-3.44021,-1.58427
37.8916,-3.58017,-1.56627
37.8938,-3.76156,-1.54084
37.895,-3.83616,-1.54115
37.8963,-3.93715,-1.54115
37.8986,-4.06197,-1.55432
37.9009,-4.19701,-1.55231
37.9036,-4.34198,-1.56931
37.9074,-4.48202,-1.56338
37.9088,-4.5846,-1.57408
37.9106,-4.71159,-1.57408
37.9086,-4.80616,-1.58939
37.9056,-4.88553,-1.6116
37.8939,-4.97429,-1.63526
37.8852,-5.11419,-1.65326
37.8693,-5.16146,-1.70041
37.8472,-5.24705,-1.71189
37.8217,-5.40748,-1.74689
37.8018,-5.50206,-1.7577
37.7844,-5.56897,-1.79969
37.7401,-5.72689,-1.88669
37.7048,-5.81556,-1.92793
37.658,-5.92354,-1.97539
37.6004,-6.05356,-2.01039
37.5329,-6.14023,-2.08949
37.4625,-6.23092,-2.13156
37.385,-6.35009,-2.16656
37.3044,-6.49785,-2.15002
37.1747,-6.68293,-2.16678
37.103,-6.78529,-2.16678
37.0293,-6.9036,-1.97169
36.991,-7.00624,-1.82434
36.9681,-7.12644,-1.70134
36.9417,-7.27269,-1.66181
36.9372,-7.39262,-1.59163
36.9503,-7.53533,-1.55349
36.9724,-7.7474,-1.49991
37.0068,-7.9128,-1.48158
37.0191,-8.03777,-1.46358
37.061,-8.13946,-1.50185
37.0689,-8.28649,-1.47597
37.0851,-8.45174,-1.47255
37.1029,-8.61454,-1.47255
37.0987,-8.75505,-1.48514
37.0992,-8.83251,-1.48892
37.1131,-8.99236,-1.47192
37.1307,-9.12935,-1.46186
37.152,-9.25953,-1.47096
37.1654,-9.37886,-1.45296
37.1837,-9.51472,-1.41942
37.1919,-9.64758,-1.38812
37.2137,-9.80287,-1.39906
37.2368,-9.94254,-1.39906
37.2567,-10.0805,-1.42196
37.2865,-10.2184,-1.45095
37.3082,-10.3799,-1.41595
37.3379,-10.5131,-1.32487
37.3826,-10.6472,-1.24311
37.4315,-10.7802,-1.19111
37.5927,-11.1533,-1.19362
37.652,-11.3068,-1.21062
37.7015,-11.4513,-1.27466
37.729,-11.5493,-1.30966
37.7736,-11.7229,-1.33954
37.7978,-11.8485,-1.37394
37.823,-11.9877,-1.4141
37.8407,-12.1088,-1.4661
37.848,-12.2351,-1.49921
37.8504,-12.3292,-1.49999
37.8648,-12.8546,-1.54423
37.8668,-12.971,-1.54676
37.8696,-13.112,-1.55113
37.8749,-13.377,-1.54932
37.8772,-13.5244,-1.54932
37.8794,-13.6504,-1.54625
37.8836,-13.8353,-1.54796
37.8865,-13.9618,-1.54796
37.8887,-14.1172,-1.54735
37.8938,-14.3145,-1.54128
37.8979,-14.4392,-1.54731
37.8998,-14.5836,-1.56431
37.9005,-14.71,-1.55424
37.9023,-14.8263,-1.51924
37.9063,-14.9517,-1.53438
37.9106,-15.1137,-1.54535
37.9102,-15.2338,-1.58035
37.906,-15.3793,-1.58161
37.9034,-15.5141,-1.58406
37.9025,-15.6372,-1.56706
37.9014,-15.8208,-1.57147
37.9019,-15.935,-1.56893
37.9016,-16.0611,-1.56893
37.8938,-16.1779,-1.58388
37.8901,-16.2356,-1.58648
37.8871,-16.2912,-1.59677
37.8818,-16.4111,-1.61477
37.8753,-16.5504,-1.62908
37.867,-16.6922,-1.64626
37.8623,-16.7875,-1.62812
37.8561,-16.8963,-1.61094
37.849,-17.0247,-1.59648
37.8507,-17.1702,-1.5873
37.8517,-17.2726,-1.60249
37.847,-17.4127,-1.58449
37.8454,-17.5553,-1.56834
37.8463,-17.6938,-1.55403
37.8489,-17.8346,-1.53703
37.857,-17.9546,-1.51717
37.8627,-18.1091,-1.51369
37.8683,-18.2343,-1.51369
37.8764,-18.3622,-1.51138
37.8837,-18.416,-1.51588
37.892,-18.5773,-1.53388
37.8976,-18.6385,-1.5483
37.8994,-18.7689,-1.56415
37.9012,-18.8775,-1.57304
37.9026,-19.0192,-1.55504
37.9028,-19.1348,-1.55579
37.9032,-19.2192,-1.55579
37.9035,-19.3977,-1.56481
37.9031,-19.473,-1.56481
37.904,-19.5362,-1.52791
37.9037,-19.5401,-1.45891
37.9028,-19.5491,-1.47591
37.9013,-19.564,-1.51091
37.9002,-19.576,-1.54591
37.899,-19.5879,-1.58091
37.8976,-19.6018,-1.58091
37.8957,-19.6218,-1.58091
37.8937,-19.6427,-1.58091
37.892,-19.6696,-1.58091
37.8895,-19.7166,-1.58091
37.8877,-19.7902,-1.56178
37.8878,-19.8937,-1.56178
37.8891,-20.1403,-1.56974
37.8892,-20.2683,-1.56241
37.8891,-20.4351,-1.56241
37.8892,-20.5812,-1.55959
37.8888,-20.7023,-1.48878
37.8886,-20.7043,-1.17478
37.8887,-20.6723,-0.948147
37.8887,-20.6723,-0.633147
37.8891,-20.6469,-0.401176
37.8891,-20.6469,-0.174176
37.8891,-20.6469,-0.0341763
37.8894,-20.6462,0.182312
37.8894,-20.6462,0.304312
37.8956,-20.6438,0.409312
38.0147,-20.703,0.743498
38.1159,-20.6408,1.20267
38.142,-20.5237,1.46367
38.1414,-20.339,1.55971
38.1175,-20.2244,1.64566
38.1023,-20.174,1.70677
38.0827,-20.0329,1.74178
38.0466,-19.9548,1.79605
38.0262,-19.8635,1.77805
38.0117,-19.7893,1.78461
38.0091,-19.7654,1.71461
38.0068,-19.7456,1.71461
38.0053,-19.7321,1.71461
38.0036,-19.7196,2.01161
38.0063,-19.5818,2.17985
37.9929,-19.5624,2.12785
37.9826,-19.5461,1.93585
37.9793,-19.5376,2.09285
37.964,-19.5143,2.14485
37.9353,-19.4599,1.95285
37.9227,-19.4227,2.12785
37.9115,-19.4093,2.23185
37.859,-19.3416,2.04714
37.8151,-19.2226,1.83814
37.7866,-19.1036,1.74099
37.7851,-18.963,1.63489
37.778,-18.8203,1.59989
37.7808,-18.6892,1.58
37.783,-18.5842,1.55213
37.788,-18.4149,1.44813
37.7885,-18.413,1.11613
37.7932,-18.379,0.919971
37.7932,-18.379,0.605971
37.8124,-18.332,0.47523
37.8124,-18.332,0.283231
37.8124,-18.332,0.126231
37.8555,-18.329,-0.0391478
37.8555,-18.329,-0.143148
37.8555,-18.329,-0.231148
37.9079,-18.3486,-0.440148
38.0606,-18.4737,-0.981749
38.1257,-18.6002,-1.2924
38.1192,-18.6887,-1.45191
38.1269,-18.8304,-1.55691
38.1113,-18.9418,-1.63104
38.1075,-19.0429,-1.64628
38.0952,-19.1554,-1.68128
38.0852,-19.2227,-1.69828
38.0788,-19.2827,-1.47259
38.1006,-19.3152,-1.25365
38.1189,-19.3824,-1.42865
38.1228,-19.4421,-1.53265
38.1869,-19.5691,-0.735327
38.236,-19.6144,-0.634512
38.2386,-19.6162,-0.546512
38.2386,-19.6162,-0.477512
38.2386,-19.6162,-0.372512
38.2386,-19.6162,-0.285512
38.2386,-19.6162,-0.250512
38.2386,-19.6162,-0.250512
38.2386,-19.6162,-0.250512
38.2386,-19.6162,-0.267512
38.2386,-19.6162,-0.267512
38.2386,-19.6162,-0.267512
38.2386,-19.6162,-0.267512
38.2386,-19.6162,-0.267512
38.2386,-19.6162,-0.267512
38.2386,-19.6162,-0.267512
38.2386,-19.6162,-0.267512
38.2386,-19.6162,-0.267512
38.2386,-19.6162,-0.267512
38.2386,-19.6162,-0.267512
38.2386,-19.6162,-0.267512
38.2386,-19.6162,-0.267512
38.2386,-19.6162,-0.267512
38.2386,-19.6162,-0.267512
38.2386,-19.6162,-0.267512
38.2386,-19.6162,-0.267512
38.2386,-19.6162,-0.267512
38.2386,-19.6162,-0.267512
38.2386,-19.6162,-0.267512
38.2386,-19.6162,-0.267512
38.2386,-19.6162,-0.267512
38.2386,-19.6162,-0.267512
38.2386,-19.6162,-0.267512
38.2386,-19.6162,-0.267512
38.2386,-19.6162,-0.267512
38.2386,-19.6162,-0.267512
38.2386,-19.6162,-0.267512
38.2386,-19.6162,-0.267512
38.2386,-19.6162,-0.267512
38.2386,-19.6162,-0.267512
38.2386,-19.6162,-0.267512
38.2386,-19.6162,-0.267512
38.2386,-19.6162,-0.267512
38.2386,-19.6162,-0.267512
38.2386,-19.6162,-0.267512
38.2386,-19.6162,-0.267512
38.2386,-19.6162,-0.267512
38.2386,-19.6162,-0.267512
38.2386,-19.6162,-0.267512
38.2386,-19.6162,-0.267512
38.2386,-19.6162,-0.267512
38.2386,-19.6162,-0.267512
38.2386,-19.6162,-0.267512
38.2386,-19.6162,-0.267512
38.2386,-19.6162,-0.267512
38.2386,-19.6162,-0.267512
38.2386,-19.6162,-0.267512
38.2386,-19.6162,-0.267512
38.2386,-19.6162,-0.267512
38.2386,-19.6162,-0.267512
38.2386,-19.6162,-0.267512
38.2386,-19.6162,-0.267512
38.2386,-19.6162,-0.267512
38.2386,-19.6162,-0.267512
38.2386,-19.6162,-0.267512
38.2386,-19.6162,-0.267512
38.2386,-19.6162,-0.267512
38.2386,-19.6162,-0.267512
