-0.169,0.0,0.035
-0.169,0.0,0.035
-0.169,0.0,0.035
-0.169,0.0,0.209
-0.169,0.0,0.524
-0.169,0.0,0.785
-0.169,0.0,1.03
-0.14,0.181,1.606
-0.175,0.421,1.78
-0.24,0.66,1.85
-0.307,0.877,1.868
-0.385,1.131,1.85
-0.448,1.37,1.798
-0.499,1.61,1.763
-0.54,1.85,1.728
-0.571,2.09,1.693
-0.587,2.305,1.658
-0.608,2.545,1.676
-0.631,2.772,1.693
-0.657,3.019,1.676
-0.681,3.266,1.658
-0.709,3.556,1.676
-0.729,3.764,1.676
-0.753,4.015,1.676
-0.779,4.289,1.676
-0.801,4.52,1.676
-0.825,4.771,1.676
-0.849,5.02,1.676
-0.87,5.24,1.658
-0.882,5.461,1.623
-0.899,5.743,1.658
-0.92,5.967,1.676
-0.944,6.209,1.658
-0.96,6.417,1.606
-0.963,6.68,1.606
-0.982,6.92,1.71
-1.02,7.16,1.745
-1.069,7.4,1.798
-1.155,7.741,1.833
-1.227,8.002,1.85
-1.292,8.218,1.868
-1.378,8.446,2.007
-1.497,8.658,2.147
-1.652,8.871,2.234
-1.807,9.057,2.304
-1.959,9.217,2.356
-2.16,9.411,2.391
-2.325,9.556,2.426
-2.512,9.712,2.478
-2.721,9.869,2.513
-2.922,10.008,2.566
-3.13,10.136,2.635
-3.37,10.248,2.723
-3.596,10.34,2.758
-3.805,10.414,2.845
-4.024,10.469,2.95
-4.264,10.5,3.054
-4.524,10.513,3.124
-4.764,10.506,3.211
-5.021,10.493,3.211
-5.243,10.477,3.264
-5.503,10.43,3.351
-5.785,10.361,3.386
-6.028,10.301,3.386
-6.292,10.233,3.386
-6.533,10.17,3.403
-6.754,10.107,3.421
-7.045,10.019,3.526
-7.245,9.92,3.718
-7.434,9.768,3.892
-7.64,9.573,3.91
-7.681,9.53,4.538
-7.72,9.408,4.189
-9.836,8.649,3.491
-10.071,8.565,3.473
-10.331,8.474,3.473
-10.528,8.404,3.473
-10.74,8.345,3.386
-11.018,8.27,3.421
-11.276,8.191,3.438
-11.472,8.123,3.473
-11.711,8.039,3.473
-11.949,7.955,3.473
-12.183,7.872,3.456
-12.442,7.782,3.456
-12.682,7.7,3.438
-12.92,7.621,3.456
-13.16,7.537,3.456
-13.38,7.46,3.456
-13.641,7.369,3.456
-13.881,7.285,3.456
-14.141,7.194,3.456
-14.361,7.118,3.456
-14.581,7.041,3.456
-14.821,6.957,3.456
-15.101,6.859,3.456
-15.321,6.782,3.456
-15.541,6.705,3.456
-15.781,6.621,3.456
-16.021,6.537,3.456
-16.261,6.454,3.456
-16.558,6.35,3.473
-16.773,6.28,3.421
-17.01,6.208,3.438
-17.243,6.129,3.473
-17.503,6.038,3.491
-17.743,5.954,3.491
-17.963,5.877,3.491
-18.223,5.786,3.491
-18.423,5.716,3.491
-18.654,5.632,3.473
-19.014,5.506,3.473
-19.294,5.408,3.473
-19.554,5.317,3.473
-19.769,5.24,3.491
-19.988,5.163,3.491
-20.228,5.078,3.508
-20.439,5.006,3.403
-20.656,4.942,3.421
-20.892,4.87,3.456
-21.144,4.781,3.491
-21.384,4.697,3.508
-21.604,4.617,3.508
-21.824,4.537,3.508
-22.078,4.442,3.508
-22.332,4.351,3.491
-22.569,4.267,3.491
-22.781,4.19,3.508
-23.02,4.103,3.508
-23.28,4.004,3.526
-23.537,3.904,3.526
-23.751,3.818,3.543
-23.988,3.722,3.543
-24.225,3.625,3.543
-24.462,3.528,3.543
-24.67,3.44,3.56
-24.922,3.325,3.578
-25.154,3.217,3.578
-25.385,3.109,3.578
-25.616,3.001,3.595
-25.829,2.902,3.578
-26.059,2.794,3.595
-26.27,2.695,3.595
-26.54,2.567,3.578
-26.753,2.467,3.595
-26.983,2.359,3.595
-27.208,2.25,3.613
-27.398,2.156,3.613
-27.627,2.04,3.613
-27.855,1.923,3.613
-28.064,1.816,3.613
-28.293,1.698,3.613
-28.534,1.562,3.683
-28.726,1.447,3.665
-28.938,1.328,3.648
-29.142,1.219,3.613
-29.371,1.101,3.613
-29.599,0.983,3.613
-29.808,0.877,3.613
-30.074,0.741,3.613
-30.302,0.626,3.613
-30.53,0.51,3.613
-30.758,0.395,3.613
-30.964,0.29,3.63
-31.188,0.172,3.63
-31.411,0.05,3.648
-31.666,-0.092,3.665
-31.846,-0.199,3.683
-32.086,-0.362,3.735
-32.289,-0.494,3.718
-32.494,-0.622,3.683
-32.708,-0.741,3.63
-32.906,-0.842,3.578
-33.113,-0.925,3.473
-33.39,-0.998,3.316
-33.61,-1.023,3.194
-33.85,-1.019,3.072
-34.11,-0.99,3.002
-34.343,-0.954,2.95
-34.356,-0.951,2.775
-34.55,-0.844,2.531
-34.766,-0.663,2.374
-34.929,-0.486,2.286
-35.085,-0.303,2.251
-35.224,-0.128,2.217
-35.367,0.068,2.164
-35.498,0.271,2.112
-35.64,0.516,2.077
-35.725,0.685,1.99
-35.826,0.921,1.99
-35.924,1.159,1.972
-36.029,1.411,1.99
-36.123,1.626,1.99
-36.227,1.863,1.99
-36.332,2.097,1.99
-36.436,2.331,1.99
-36.521,2.519,1.972
-36.623,2.761,1.99
-36.725,2.994,1.99
-36.838,3.247,1.99
-36.927,3.442,2.007
-37.035,3.677,2.007
-37.143,3.911,2.007
-37.265,4.172,2.025
-37.351,4.35,2.007
-37.447,4.556,2.025
-37.555,4.778,2.042
-37.671,5.006,2.042
-37.78,5.215,2.042
-37.9,5.443,2.059
-38.039,5.708,2.059
-38.159,5.935,2.059
-38.265,6.14,2.042
-38.371,6.349,2.042
-38.497,6.595,2.042
-38.612,6.824,2.042
-38.718,7.033,2.042
-38.841,7.278,2.042
-38.965,7.512,2.077
-39.076,7.707,2.112
-39.205,7.912,2.147
-39.346,8.118,2.182
-39.478,8.301,2.199
-39.645,8.522,2.217
-39.793,8.719,2.199
-39.936,8.916,2.182
-40.07,9.12,2.129
-40.197,9.328,2.094
-40.296,9.506,2.059
-40.414,9.741,2.025
-40.509,9.957,1.99
-40.625,10.218,2.025
-40.725,10.426,2.025
-40.827,10.635,2.042
-40.942,10.863,2.042
-41.058,11.092,2.042
-41.174,11.32,2.042
-41.29,11.548,2.042
-41.406,11.776,2.042
-41.531,12.023,2.042
-41.638,12.233,2.042
-41.75,12.454,2.059
-41.87,12.681,2.059
-41.98,12.89,2.059
-42.111,13.136,2.059
-42.221,13.344,2.059
-42.351,13.591,2.059
-42.471,13.819,2.059
-42.581,14.027,2.059
-42.691,14.233,2.077
-42.811,14.459,2.059
-42.951,14.723,2.059
-43.061,14.931,2.077
-43.167,15.128,2.059
-43.281,15.34,2.077
-43.403,15.555,2.094
-43.524,15.758,2.112
-43.656,15.975,2.112
-43.81,16.229,2.112
-43.931,16.428,2.112
-44.074,16.665,2.112
-44.184,16.846,2.112
-44.316,17.064,2.112
-44.448,17.281,2.112
-44.592,17.517,2.112
-44.713,17.716,2.112
-44.845,17.933,2.112
-44.988,18.169,2.112
-45.109,18.367,2.112
-45.241,18.584,2.112
-45.362,18.785,2.112
-45.516,19.038,2.112
-45.67,19.292,2.112
-45.791,19.491,2.112
-45.92,19.705,2.112
-46.051,19.923,2.094
-46.189,20.148,2.129
-46.325,20.361,2.147
-46.454,20.557,2.147
-46.598,20.772,2.147
-46.742,20.988,2.164
-46.874,21.185,2.164
-47.018,21.401,2.164
-47.174,21.635,2.164
-47.33,21.866,2.164
-47.474,22.079,2.164
-47.618,22.294,2.164
-47.772,22.525,2.164
-47.878,22.695,2.129
-48.022,22.931,2.112
-48.155,23.15,2.112
-48.288,23.37,2.112
-48.42,23.587,2.112
-48.574,23.842,2.112
-48.684,24.02,2.129
-48.818,24.23,2.147
-48.959,24.444,2.147
-49.101,24.659,2.147
-49.232,24.855,2.147
-49.388,25.088,2.147
-49.544,25.32,2.164
-49.676,25.517,2.164
-49.807,25.713,2.147
-49.975,25.964,2.147
-50.119,26.179,2.164
-50.246,26.366,2.129
-50.377,26.579,2.112
-50.51,26.798,2.112
-50.636,27.01,2.094
-50.755,27.224,2.059
-50.876,27.461,2.059
-50.989,27.656,2.147
-51.133,27.852,2.217
-51.312,28.073,2.269
-51.472,28.265,2.286
-51.624,28.441,2.286
-51.783,28.625,2.269
-51.939,28.811,2.234
-52.09,29.006,2.199
-52.23,29.194,2.199
-52.395,29.417,2.199
-52.546,29.623,2.199
-52.69,29.822,2.164
-52.807,29.997,2.147
-52.949,30.213,2.147
-53.103,30.446,2.147
-53.243,30.66,2.147
-53.364,30.849,2.112
-53.493,31.056,2.147
-53.625,31.259,2.129
-53.757,31.487,2.042
-53.843,31.688,1.902
-53.894,31.912,1.728
-53.912,32.152,1.571
-53.895,32.412,1.431
-53.851,32.652,1.361
-53.804,32.874,1.361
-53.737,33.11,1.204
-53.63,33.329,1.03
-53.507,33.516,0.96
-53.338,33.755,0.977
-53.245,33.915,1.1
-53.158,34.143,1.292
-53.099,34.402,1.414
-53.077,34.642,1.536
-53.084,34.882,1.658
-53.109,35.127,1.693
-53.131,35.35,1.676
-53.157,35.615,1.676
-53.181,35.855,1.676
-53.187,36.095,1.484
-53.161,36.232,1.257
-53.115,36.338,1.1
-53.062,36.428,1.03
-53.029,36.482,1.326
-53.01,36.553,1.187
-52.968,36.624,0.873
-52.932,36.66,0.698
-52.932,36.66,0.698
-52.932,36.66,0.698
-52.932,36.66,0.698
-52.932,36.66,0.698
-52.932,36.66,0.698
-52.932,36.66,0.698
-52.932,36.66,0.698
-52.932,36.66,0.698
-52.932,36.66,0.698
-52.932,36.66,0.698
-52.932,36.66,0.698
-52.932,36.66,0.698
-52.932,36.66,0.698
-52.932,36.66,0.698
-52.932,36.66,0.698
-52.932,36.66,0.698
-52.932,36.66,0.698
-52.932,36.66,0.698
-52.932,36.66,0.698
-52.932,36.66,0.698
-52.932,36.66,0.698
-52.932,36.66,0.698
-52.932,36.66,0.698
-52.932,36.66,0.698
-52.932,36.66,0.698
-52.932,36.66,0.698
-52.932,36.66,0.716
-52.932,36.66,0.716
-52.932,36.66,0.716
-52.932,36.66,0.716
-52.932,36.66,0.716
-52.932,36.66,0.716
-52.932,36.66,0.716
-52.932,36.66,0.716
-52.932,36.66,0.576
-52.842,36.696,0.297
-52.623,36.718,6.161
-52.359,36.617,5.725
-52.168,36.47,5.55
-52.002,36.317,5.533
-51.823,36.154,5.585
-51.639,36.029,5.777
-51.417,35.931,5.934
-51.168,35.855,6.074
-50.982,35.833,6.213
-50.762,35.829,0.017
-50.522,35.837,0.07
-50.26,35.858,0.105
-50.0,35.889,0.175
-49.78,35.941,0.279
-49.569,36.016,0.401
-49.317,36.146,0.559
-49.141,36.259,0.576
-48.953,36.385,0.611
-48.765,36.518,0.611
-48.562,36.667,0.628
-48.363,36.817,0.646
-48.177,36.972,0.716
-47.984,37.148,0.768
-47.81,37.317,0.785
-47.644,37.492,0.838
-47.501,37.658,0.873
-47.328,37.866,0.873
-47.171,38.057,0.873
-47.015,38.239,0.855
-46.813,38.46,0.803
-46.643,38.629,0.768
-46.464,38.789,0.716
-46.259,38.958,0.663
-46.058,39.114,0.663
-45.881,39.254,0.681
-45.683,39.41,0.681
-45.473,39.579,0.663
-45.271,39.735,0.663
-45.088,39.877,0.663
-44.89,40.033,0.681
-44.692,40.189,0.681
-44.543,40.312,0.663
-44.326,40.48,0.663
-44.132,40.63,0.628
-43.933,40.771,0.611
-43.721,40.928,0.646
-43.513,41.092,0.681
-43.346,41.235,0.716
-43.172,41.387,0.733
-42.975,41.564,0.733
-42.778,41.733,0.698
-42.6,41.876,0.681
-42.411,42.032,0.698
-42.218,42.191,0.698
-42.029,42.352,0.698
-41.84,42.508,0.681
-41.643,42.664,0.681
-41.42,42.846,0.698
-41.231,43.005,0.698
-41.058,43.149,0.698
-40.883,43.294,0.698
-40.686,43.451,0.681
-40.495,43.608,0.698
-40.319,43.753,0.698
-39.864,44.141,0.716
-39.672,44.305,0.716
-39.449,44.495,0.716
-39.256,44.658,0.698
-39.064,44.821,0.698
-38.872,44.984,0.698
-38.685,45.143,0.716
-38.495,45.307,0.716
-38.31,45.469,0.716
-38.111,45.638,0.698
-37.964,45.76,0.698
-37.784,45.918,0.733
-37.606,46.074,0.733
-37.438,46.218,0.698
-37.246,46.377,0.698
-37.02,46.562,0.698
-36.825,46.72,0.698
-36.652,46.864,0.698
-36.486,47.007,0.733
-36.279,47.197,0.768
-36.101,47.369,0.768
-35.945,47.522,0.75
-35.763,47.687,0.733
-35.577,47.849,0.733
-35.382,48.028,0.75
-35.241,48.159,0.75
-35.061,48.325,0.733
-34.876,48.489,0.716
-34.676,48.662,0.716
-34.508,48.812,0.733
-34.344,48.964,0.768
-34.163,49.138,0.768
-33.959,49.333,0.75
-33.788,49.487,0.733
-33.644,49.619,0.75
-33.468,49.786,0.768
-33.287,49.963,0.768
-33.086,50.156,0.75
-32.932,50.296,0.733
-32.754,50.46,0.768
-32.544,50.663,0.768
-32.382,50.823,0.768
-32.207,50.991,0.75
-32.024,51.159,0.75
-31.85,51.326,0.768
-31.724,51.45,0.785
-31.517,51.649,0.768
-31.352,51.811,0.768
-31.17,51.986,0.768
-30.987,52.16,0.768
-30.819,52.32,0.768
-30.611,52.512,0.733
-30.43,52.669,0.698
-30.257,52.811,0.663
-30.095,52.935,0.646
-29.874,53.104,0.646
-29.67,53.257,0.628
-29.461,53.419,0.663
-29.288,53.561,0.698
-29.112,53.708,0.716
-28.904,53.887,0.716
-28.697,54.066,0.716
-28.506,54.232,0.716
-28.342,54.377,0.75
-28.167,54.543,0.768
-27.988,54.722,0.785
-27.877,54.832,0.785
-27.877,54.832,0.803
-27.877,54.832,0.803
-27.877,54.832,0.803
-27.877,54.832,0.803
-27.877,54.832,0.803
-27.877,54.832,0.785
-27.877,54.832,0.785
-27.877,54.832,0.785
-27.877,54.832,0.785
-27.877,54.832,0.785
-27.877,54.832,0.785
-27.877,54.832,0.785
-27.877,54.832,0.785
-27.877,54.832,0.785
-27.877,54.832,0.785
-27.877,54.832,0.785
-27.877,54.832,0.785
-27.877,54.832,0.785
-27.877,54.832,0.785
-27.877,54.832,0.785
-27.877,54.832,0.785
-27.877,54.832,0.785
-27.877,54.832,0.785
-27.877,54.832,0.785
-27.877,54.832,0.785
-27.877,54.832,0.785
-27.877,54.832,0.785
-27.877,54.832,0.785
-27.877,54.832,0.785
-27.877,54.832,0.785
-27.877,54.832,0.785
-27.877,54.832,0.785
-27.877,54.832,0.785
-27.877,54.832,0.785
-27.877,54.832,0.785
-27.877,54.832,0.785
-27.877,54.832,0.785
-27.877,54.832,0.785
-27.877,54.832,0.785
-27.877,54.832,0.785
-27.877,54.832,0.785
-27.877,54.832,0.785
-27.877,54.832,0.785
-27.877,54.832,0.785
-27.877,54.832,0.785
-27.877,54.832,0.785
-27.877,54.832,0.785
-27.877,54.832,0.628
-27.877,54.832,0.297
-27.877,54.832,0.052
-27.797,54.821,6.056
-27.576,54.721,5.707
-27.388,54.569,5.533
-27.242,54.405,5.341
-27.121,54.193,5.149
-27.03,53.981,5.114
-26.912,53.714,5.184
-26.781,53.509,5.358
-26.636,53.342,5.48
-26.482,53.187,5.515
-26.269,52.991,5.55
-26.102,52.844,5.55
-25.927,52.679,5.515
-25.75,52.503,5.498
-25.541,52.293,5.48
-25.378,52.128,5.48
-25.201,51.948,5.48
-25.061,51.809,5.515
-24.889,51.641,5.498
-24.734,51.483,5.48
-24.531,51.271,5.48
-24.364,51.1,5.498
-24.202,50.941,5.515
-24.029,50.772,5.498
-23.859,50.6,5.48
-23.683,50.422,5.533
-23.507,50.258,5.533
-23.351,50.106,5.498
-23.197,49.948,5.463
-23.002,49.745,5.498
-22.827,49.573,5.515
-22.664,49.416,5.515
-22.494,49.247,5.498
-22.306,49.057,5.498
-22.158,48.912,5.568
-21.978,48.755,5.55
-21.833,48.616,5.498
-21.651,48.429,5.48
-21.497,48.274,5.498
-21.32,48.107,5.533
-21.126,47.927,5.533
-20.938,47.741,5.498
-20.75,47.556,5.515
-20.61,47.429,5.585
-20.427,47.273,5.568
-20.262,47.129,5.55
-20.088,46.965,5.498
-19.886,46.762,5.498
-19.713,46.594,5.515
-19.549,46.443,5.55
-19.35,46.269,5.55
-19.18,46.11,5.533
-18.994,45.943,5.55
-18.813,45.779,5.533
-18.645,45.623,5.533
-18.45,45.443,5.55
-18.248,45.261,5.55
-18.092,45.123,5.55
-17.903,44.956,5.55
-17.721,44.792,5.55
-17.568,44.659,5.568
-17.372,44.487,5.55
-17.189,44.322,5.55
-17.007,44.162,5.568
-16.785,43.971,5.568
-16.617,43.825,5.55
-16.452,43.68,5.585
-16.435,43.673,6.126
-16.325,43.639,5.829
-16.138,43.5,5.533
-16.025,43.378,5.585
-16.024,43.378,0.192
-16.024,43.378,0.96
-16.025,43.434,1.78
-16.069,43.493,2.356
-16.37,43.721,2.566
-16.596,43.861,2.618
-16.813,43.988,2.618
-16.884,44.027,2.897
-16.917,44.027,3.351
-16.917,44.027,4.189
-16.917,44.016,5.079
-16.829,43.917,5.568
-16.654,43.78,5.69
-16.45,43.648,5.742
-16.24,43.526,5.777
-16.006,43.404,5.812
-15.784,43.297,5.847
-15.576,43.203,5.847
-15.358,43.099,5.812
-15.094,42.963,5.812
-14.874,42.852,5.829
-14.666,42.753,5.829
-14.439,42.645,5.829
-14.239,42.552,5.864
-13.993,42.45,5.899
-13.784,42.373,5.934
-13.556,42.289,5.934
-13.332,42.195,5.812
-13.137,42.085,5.742
-12.928,41.956,5.742
-12.682,41.813,5.777
-12.484,41.707,5.794
-12.292,41.617,5.882
-12.084,41.531,5.882
-11.824,41.419,5.847
-11.605,41.313,5.812
-11.402,41.21,5.812
-11.176,41.1,5.829
-10.705,40.892,5.882
-10.459,40.789,5.864
-10.323,40.731,5.864
-10.166,40.636,5.655
-9.948,40.455,5.55
-9.902,40.416,6.144
-9.902,40.416,0.559
-9.902,40.416,1.396
-9.934,40.487,2.164
-10.018,40.553,2.67
-10.223,40.636,2.81
-10.477,40.717,2.862
-10.699,40.754,3.124
-10.72,40.754,3.805
-10.72,40.754,4.573
-10.652,40.604,5.463
-10.443,40.492,6.021
-10.203,40.449,6.178
-9.983,40.436,6.248
-9.743,40.435,0.0
-9.483,40.438,0.052
-9.221,40.451,0.07
-9.001,40.462,0.052
-8.76,40.466,0.017
-8.573,40.466,0.0
-8.293,40.466,6.248
-8.072,40.456,6.213
-7.844,40.445,6.213
-7.598,40.433,6.231
-7.325,40.42,6.231
-7.062,40.407,6.213
-6.832,40.394,6.213
-6.608,40.38,6.213
-6.362,40.369,6.248
-6.122,40.358,6.231
-5.879,40.343,6.196
-5.636,40.322,6.213
-5.392,40.31,6.231
-5.16,40.299,6.231
-4.793,40.281,6.213
-4.586,40.268,6.213
-4.378,40.259,6.266
-4.129,40.259,0.0
-3.866,40.26,0.035
-3.622,40.264,0.017
-3.402,40.261,6.231
-3.162,40.241,6.178
-2.898,40.208,6.161
-2.678,40.183,6.178
-2.418,40.159,6.213
-2.209,40.153,6.283
-1.969,40.148,6.213
-1.746,40.127,6.178
-1.526,40.108,6.213
-1.265,40.094,6.231
-1.077,40.087,6.248
-0.762,40.079,6.248
-0.51,40.076,6.266
-0.273,40.072,6.248
-0.032,40.071,6.248
0.172,40.062,6.231
0.421,40.05,6.231
0.682,40.043,6.266
0.942,40.043,0.017
1.188,40.043,0.017
1.408,40.043,6.283
1.658,40.043,6.266
1.911,40.043,6.266
2.143,40.043,6.266
2.426,40.035,6.231
2.646,40.022,6.196
2.906,39.988,6.109
3.126,39.945,6.074
3.345,39.891,5.986
3.573,39.808,5.864
3.809,39.692,5.794
4.022,39.572,5.742
4.229,39.444,5.69
4.409,39.313,5.637
4.595,39.199,5.899
4.812,39.142,6.144
5.052,39.127,6.266
5.352,39.135,0.07
5.597,39.155,0.087
5.844,39.179,0.087
6.117,39.205,0.087
6.34,39.226,0.087
6.58,39.241,0.07
6.82,39.262,0.105
7.079,39.292,0.14
7.362,39.337,0.175
7.585,39.374,0.157
7.85,39.413,0.14
8.074,39.446,0.175
8.311,39.506,0.349
8.537,39.598,0.436
9.044,39.818,0.384
9.255,39.892,0.297
9.512,39.965,0.244
9.752,40.022,0.192
9.972,40.057,0.122
10.212,40.083,0.087
10.843,40.129,0.07
11.196,40.154,0.087
11.448,40.175,0.087
11.7,40.196,0.087
11.952,40.217,0.087
12.226,40.24,0.087
12.452,40.256,0.07
12.671,40.274,0.105
12.911,40.292,0.052
13.131,40.296,0.035
13.374,40.305,0.052
13.647,40.318,0.052
13.92,40.331,0.052
14.147,40.342,0.052
14.367,40.349,0.017
14.628,40.349,6.266
14.841,40.349,0.017
15.045,40.353,0.035
15.336,40.367,0.052
15.576,40.382,0.087
15.82,40.406,0.122
16.043,40.436,0.14
16.291,40.472,0.157
16.514,40.505,0.14
16.794,40.541,0.105
17.022,40.563,0.087
17.266,40.587,0.105
17.517,40.611,0.105
17.711,40.629,0.105
17.761,40.633,0.209
17.773,40.633,0.192
17.798,40.633,0.122
17.822,40.633,0.087
17.849,40.633,0.087
17.894,40.634,0.087
17.969,40.637,0.087
18.195,40.659,0.105
18.426,40.682,0.122
18.689,40.708,0.105
18.798,40.718,0.384
18.798,40.718,0.96
18.798,40.718,1.379
18.798,40.718,1.71
18.798,40.718,1.972
18.755,40.778,2.304
18.523,40.881,3.089
18.303,40.853,3.386
18.031,40.764,3.526
17.809,40.668,3.578
17.678,40.609,3.56
17.634,40.593,3.473
17.608,40.585,3.473
17.59,40.579,3.979
17.571,40.553,3.979
17.557,40.539,3.997
17.505,40.479,3.892
17.47,40.453,4.171
17.392,40.357,3.857
17.206,40.241,3.578
16.978,40.155,3.456
16.743,40.083,3.421
16.538,40.03,3.211
16.538,40.03,2.653
16.538,40.03,2.269
16.538,40.03,1.937
16.538,40.03,1.676
16.538,40.03,1.518
16.613,40.207,0.855
16.818,40.331,0.297
17.078,40.377,0.105
17.28,40.396,0.07
17.422,40.401,0.035
17.522,40.412,0.524
17.619,40.475,0.401
17.764,40.578,1.1
17.787,40.629,1.274
17.787,40.629,1.414
17.787,40.629,1.588
17.787,40.629,1.588
17.787,40.629,1.571
17.787,40.629,1.571
17.787,40.629,1.571
17.787,40.629,1.571
17.787,40.629,1.571
17.787,40.629,1.571
17.787,40.629,1.571
17.787,40.629,1.571
17.787,40.629,1.571
17.787,40.629,1.571
17.787,40.629,1.571
17.787,40.629,1.571
17.787,40.629,1.571
17.787,40.629,1.571
17.787,40.629,1.571
17.787,40.629,1.571
17.787,40.629,1.571
17.787,40.629,1.571
17.787,40.629,1.571
17.787,40.629,1.571
17.787,40.629,1.571
17.787,40.629,1.571
17.787,40.629,1.571
17.787,40.629,1.571
17.787,40.629,1.571
17.787,40.629,1.571
17.787,40.629,1.571
17.787,40.629,1.571
17.787,40.629,1.571
17.787,40.629,1.571
17.787,40.629,1.571
17.787,40.629,1.571
17.787,40.629,1.571
17.787,40.629,1.571
